reviews_amount;cores_disponiveis;produto_frete;produto_titulo;produto_preco
3485;Disponible en 3 colores;;Samsung Galaxy A32 128 GB awesome blue 4 GB RAM;49.0
526;;;Nokia 106 (2018) 4 MB gris oscuro 4 MB RAM;6.0
174;Disponible en 3 colores;;Samsung Galaxy S21+ 5G 128 GB phantom silver 8 GB RAM;159.0
90;Disponible en 2 colores;;Alcatel 3H 64 GB twilight blue 3 GB RAM;22.0
143;Disponible en 2 colores;;Kodak Smartway L1 Pro Dual SIM 16 GB gris oscuro 1 GB RAM;12.0
713;Disponible en 2 colores;; Moto E7i Power 32 GB azul 2 GB RAM;20.65
696;Hasta 9 cuotas sin interés;;LG K52 (48 Mpx) 64 GB blue 4 GB RAM;27.0
2409;Disponible en 2 colores;; Moto G20 64 GB rosa flamingo 4 GB RAM;31.0
212;;;Alcatel 1V Plus 32 GB negro 2 GB RAM;18.49
108;Disponible en 2 colores;;Kodak Smartway F1 Dual SIM 64 GB plata 4 GB RAM;24.0
1758;Disponible en 3 colores;; Moto E7 32 GB azul aqua 2 GB RAM;23.0
417;Disponible en 2 colores;;LG K41S 32 GB titanio 3 GB RAM;22.0
9;Disponible en 2 colores;; Moto E40 64 GB gris acero 4 GB RAM;27.5
100;Disponible en 3 colores;;Xiaomi Pocophone Poco X3 Pro Dual SIM 128 GB negro fantasma 6 GB RAM;85.29
182;Disponible en 2 colores;;Quantum YOLO Dual SIM 32 GB negro 1 GB RAM;10.88
1571;;;Alcatel 1 16 GB negro metálico 1 GB RAM;11.0
334;Disponible en 2 colores;;LG K22+ 64 GB titan 3 GB RAM;22.0
507;Hasta 9 cuotas sin interés;;LG K51S 64 GB titan 3 GB RAM;28.0
1348;Disponible en 2 colores;;LG K61 128 GB titanio 4 GB RAM;35.0
173;;;LG B220 Dual SIM 32 MB negro 32 MB RAM;5.74
193;Disponible en 2 colores;;Samsung Galaxy A03s 64 GB azul 4 GB RAM;29.0
708;Disponible en 2 colores;;Samsung Galaxy M12 (5000 mAh) Dual SIM 128 GB black 4 GB RAM;38.0
96;Disponible en 3 colores;;TCL 20 E 128 GB teal green 4 GB RAM;30.0
2555;Disponible en 2 colores;;Samsung Galaxy A12 64 GB azul 4 GB RAM;33.0
285;;;TCL L7+ 32 GB negro 2 GB RAM;15.29
29;Hasta 3 cuotas sin interés;;Quantum Switch Dual SIM 32 GB negro 1 GB RAM;13.0
195;Hasta 9 cuotas sin interés;;LG K62 128 GB sky blue 4 GB RAM;32.0
947;Disponible en 3 colores;;LG K22 32 GB blue 2 GB RAM;20.0
61;Disponible en 2 colores;;Motorola 20 Lite 128 GB gris 6 GB RAM;70.0
2555;Hasta 9 cuotas sin interés;;Samsung Galaxy A12 128 GB negro 4 GB RAM;38.6
306;Hasta 3 cuotas sin interés;Envío gratis;TCL L9S 32 GB negro 2 GB RAM;17.5
134;;;Energizer Energy E10+ Dual SIM 32 MB negro 32 MB RAM;4.2
320;;Envío gratis;ZTE Blade A5 Plus 32 GB negro 2 GB RAM;18.0
480;Hasta 9 cuotas sin interés;;LG K42 64 GB gray 3 GB RAM;25.0
340;;;Sansei S191 Dual SIM 3 MB negro/rojo 4 MB RAM;3.49
222;;;Philco P241 Dual SIM 512 MB negro 256 MB RAM;7.34
99;Hasta 3 cuotas sin interés;;TCL 20 E 64 GB elegant black 3 GB RAM;23.0
2504;Disponible en 4 colores;;Samsung Galaxy S20 FE 128 GB cloud navy 6 GB RAM;90.0
231;Disponible en 3 colores;;Xiaomi Redmi Note 10S Dual SIM 128 GB gris ónix 8 GB RAM;76.0
9;;;ZTE Blade A51 32 GB gris 2 GB RAM;20.0
15;Disponible en 2 colores;;Positivo Q20 Dual SIM 128 GB pearl white 4 GB RAM;28.0
5;;;Alcatel 1L (2021) 32 GB power grey 2 GB RAM;17.5
393;Disponible en 2 colores;;Nokia 1.3 16 GB carbón 1 GB RAM;15.9
291;Disponible en 3 colores;;Samsung Galaxy A22 128 GB white 4 GB RAM;42.0
154;;Envío gratis;TCL 20 SE 128 GB nuit black 4 GB RAM;36.45
669;Hasta 3 cuotas sin interés;;LG K40S 32 GB aurora black 2 GB RAM;21.0
108;Disponible en 3 colores;;Apple iPhone SE (2da generación) 64 GB - Blanco;119.59
1017;Disponible en 2 colores;; Moto E6i 32 GB rosa coral 2 GB RAM;18.8
134;Disponible en 2 colores;;Xiaomi Mi 11 Lite 5G Dual SIM 128 GB negro trufa 6 GB RAM;79.1
33;;Envío gratis;CAT B26 Dual SIM 8 MB negro 8 MB RAM;14.95
15;Hasta 9 cuotas sin interés;;Positivo Q20 Dual SIM 128 GB pearl white 4 GB RAM;28.0
6;;;Doogee S96 Pro Dual SIM 128 GB army green 8 GB RAM;150.0
;Hasta 3 cuotas sin interés;;Motorola G20 64gb 4 Gb Ram Rosa Flamingo;31.0
;Hasta 3 cuotas sin interés;;Samsung Galaxy A03s 64gb 4gb;29.0
;Hasta 9 cuotas sin interés;Envío gratis;Samsung Galaxy A12 64gb;33.0
;Hasta 9 cuotas sin interés;;Motorola Edge 20 Lite Gris 128gb 6gb Ram;70.0
;Hasta 3 cuotas sin interés;Envío gratis;Samsung Galaxy S20 Fan Edition ;90.0
363;;;Xiaomi Redmi Note 9 Pro (64 Mpx) Dual SIM 128 GB gris interestelar 6 GB RAM;70.0
;Hasta 9 cuotas sin interés;Envío gratis;Celular Teclas Camara 2 Sim Mp3 Radio Cuota Adulto Economico;4.8
;Hasta 9 cuotas sin interés;;Samsung Galaxy M12 Dual Sim 128gb 4 Gb Ram;38.0
;Hasta 9 cuotas sin interés;Envío gratis;Motorola E7 Azul Aqua 32gb 2gb;23.0
43;Disponible en 2 colores;;Motorola 20 Pro 256 GB blanco optic 12 GB RAM;110.0
11;Disponible en 2 colores;; Moto E20 32 GB azul aqua 2 GB RAM;21.3
;;;Samsung Galaxy A32 Awesome Blue 128gb Rom 4gb Ram;44.21
108;Disponible en 3 colores;;Apple iPhone SE (2da generación) 128 GB - Blanco;128.0
31;Disponible en 6 colores;;Apple iPhone 12 (128 GB) - Negro;250.0
146;;;Alcatel 1050 32 MB negro 32 MB RAM;6.9
218;;;Kodak Smartway M2 Dual SIM 32 GB azul 3 GB RAM;20.0
399;Hasta 9 cuotas sin interés;;TCL 10 SE 128 GB polar night 4 GB RAM;30.0
216;Disponible en 3 colores;;LG Velvet 128 GB aurora silver 6 GB RAM;80.0
847;Disponible en 3 colores;Envío gratis;Samsung Galaxy A72 128 GB awesome blue 6 GB RAM;78.0
27;Disponible en 3 colores;;Sky Devices Elite B55 Dual SIM 16 GB gold 1 GB RAM;11.0
;Hasta 9 cuotas sin interés;Envío gratis;Celular LG K51s 64gb Liberado - Tienda Oficial LG;28.0
22;Hasta 3 cuotas sin interés;Envío gratis;Alcatel 5H 128 GB jewelry black 4 GB RAM;30.0
;Disponible en 5 colores;;Apple iPhone 13 mini (128 GB) - Azul medianoche;270.0
104;;;iPro A20 Dual SIM 32 MB negro 32 MB RAM;5.7
44;Disponible en 3 colores;Envío gratis;Xiaomi Redmi Note 10 Pro (Global) Dual SIM 128 GB gris ónix 6 GB RAM;105.0
7;;;Ulefone Armor X5 Pro Dual SIM 64 GB negro 4 GB RAM;54.9
1571;;Envío gratis;Alcatel 1 8 GB negro metálico 1 GB RAM;12.29
;;;Celular Ipro Benny 8gb Dual Sim Garantia Económico Liberado;12.4
;;;Celular Liberado Ipro Barato Whatstapp Face 3g 8gb Quad Core;10.99
;Hasta 3 cuotas sin interés;;Samsung Galaxy A52s 5G 128 GB awesome black 6 GB RAM;78.0
;;;Celular Smartphone Alcatel 1v Plus 32gb 2gb Ram Huella 6,22 ;18.49
35;Disponible en 3 colores;Envío gratis;iPro V10 Dual SIM 32 MB azul 32 MB RAM;5.92
;;;Sansei S191 Telefono Celular Libre Red 2g Dual Sim Bluetooth;4.3
;Hasta 3 cuotas sin interés;;Samsung Galaxy A22 128gb 4gb Ram;42.0
;Hasta 9 cuotas sin interés;;Samsung Galaxy S21 Plus 5g ;159.0
188;Disponible en 6 colores;;Apple iPhone 11 (128 GB) - Morado;227.0
;Hasta 3 cuotas sin interés;Envío gratis;Samsung Galaxy A12 128gb Negro;37.0
;Hasta 3 cuotas sin interés;Envío gratis;Moto E7 Gris Mineral 32gb 2gb;23.0
;;;Celular Excess Dualsim Exc-t36;3.0
5;Disponible en 4 colores;;Apple iPhone 13 Pro (256 GB) - Azul Sierra;425.0
276;Disponible en 2 colores;Envío gratis;Quantum UP32 Dual SIM 32 GB negro 1 GB RAM;11.99
;Hasta 3 cuotas sin interés;;Celular Tcl 20e 64gb 3gb Ram 6,52 Hd+ Octacore Android 11;24.0
;Hasta 9 cuotas sin interés;Envío gratis;Ulefone Armor 11 5G Dual SIM 256 GB black 8 GB RAM;167.9
48;Disponible en 2 colores;Envío gratis;Panacom MP-1112 Dual SIM 128 MB black/blue edge 64 MB RAM;7.0
;Hasta 9 cuotas sin interés;Envío gratis;Celular Motorola Edge 20 Lite 128gb 6gb Ram 108 Verde;70.0
;Hasta 3 cuotas sin interés;;LG K41s 32 Gb Titanio 3 Gb Ram;22.0
202;Disponible en 2 colores;;Samsung Galaxy Note20 256 GB gris místico 8 GB RAM;124.0
63;;;ZTE Blade A3 2020 32 GB negro 1 GB RAM;13.0
;Hasta 9 cuotas sin interés;;Celular Smartphone LG K22 Hd+ 2gb Ram 32gb 13 Mpx Azul Cuota;23.0
;;;Celular Motorola Moto E20 32/2gb Azul Techcel Nuevo Garantía;21.49
363;Disponible en 2 colores;;Xiaomi Redmi Note 9 Pro (64 Mpx) Dual SIM 128 GB gris interestelar 6 GB RAM;70.0
189;;Envío gratis;TCL L10+ 32 GB power gray 3 GB RAM;22.0
;;;Celular Motorola Moto E7i Power 32/2gb Azul Nuevo Gtia;20.65
;Disponible en 5 colores;;Apple iPhone 13 mini (512 GB) - Rosa;318.0
15;Hasta 9 cuotas sin interés;;Positivo Q20 Dual SIM 128 GB pearl white 4 GB RAM;28.0
6;;;Doogee S96 Pro Dual SIM 128 GB army green 8 GB RAM;150.0
;;;Nuevo! Quantum Up32 5,5  1gb/32gb  Octacore + Funda Gratis;15.0
;Hasta 3 cuotas sin interés;;Celular Tcl 20e 64 Gb 3 Gb Ram ;23.0
;Hasta 3 cuotas sin interés;;Xiaomi Mi 11 Lite 5g  6gb/128gb;115.0
;;;Celular Ipro V10 Con Tapa Llamadas Mensajes Dual Sim Adulto ;8.0
3138;Disponible en 2 colores;;Samsung Galaxy A02 32 GB azul 2 GB RAM;21.5
363;;;Xiaomi Redmi Note 9 Pro (64 Mpx) Dual SIM 128 GB gris interestelar 6 GB RAM;70.0
;Hasta 9 cuotas sin interés;;Celular Teclas Camara 2 Sim Mp3 Radio Cuota Adulto Economico;4.8
;Hasta 3 cuotas sin interés;;Motorola Edge 20 Pro Xt2153-1 Blanco Optic;110.0
;;;Celular Kodak Smartway L1 Pro Dual Sim 16/1gb Gris Nuevo;11.0
25;Disponible en 2 colores;;Xiaomi Redmi 9T Dual SIM 128 GB azul crepúsculo 4 GB RAM;58.4
;Hasta 3 cuotas sin interés;;Celular Libre Barato Dual Sim Sky M Cámara Fm Gtia Cuotas!;3.8
;;;Celular Nokia 210 3g Con Teclado Camara Web Adults Mayores ;8.0
;Hasta 3 cuotas sin interés;;Celular Liberado Motorola Moto E7i Power 32gb Garantia Pc;22.67
;;;Celular Samsung A12 Negro 128gb 4gb Ram Al Click Nuevo Gtia;37.0
;;;Celular Nokia 105 Para Adultos Mayores - Nuevos Caja Gtia;7.2
228;Disponible en 2 colores;;Xiaomi Redmi 9C Dual SIM 32 GB  gris medianoche 2 GB RAM;38.0
1065;Disponible en 3 colores;;Xiaomi Redmi 9 (Global) Dual SIM 64 GB sunset purple 4 GB RAM;49.0
28;Disponible en 4 colores;Envío gratis;BLU Z5 Dual SIM 32 MB gris 32 MB RAM;5.2
173;Disponible en 2 colores;;Xiaomi Pocophone Poco X3 NFC Dual SIM 128 GB  shadow gray 6 GB RAM;78.0
;;;Celular Motorola Moto E7i Power 32/2gb Azul Nuevo Gtia;20.9
;;;Xiaomi Mi 11 Lite 5g  6gb/128gb;115.0
;Hasta 9 cuotas sin interés;;Celular Liberado Nokia 1.3 Ss 16/1gb Charcoal (soft Claro);17.0
;Hasta 3 cuotas sin interés;;Samsung Galaxy A72 128gb 6gb ;78.0
;Disponible en 5 colores;;Apple iPhone 13 (256 GB) - Azul medianoche;299.0
39;Disponible en 2 colores;;Xiaomi Redmi Note 10 Pro (Global) Dual SIM 64 GB azul glaciar 6 GB RAM;83.6
;Hasta 3 cuotas sin interés;;Celular Quantum Yolo Negro;12.0
172;;;Alcatel 1V Plus Dual SIM 32 GB negro 2 GB RAM;20.76
;;;Celular Ipro Benny 8gb Dual Sim Garantia Económico Liberado;12.4
;;;Celular Liberado Ipro Barato Whatstapp Face 3g 8gb Quad Core;10.99
;;;Celular Libre Dual Sim Sky P4 Cámara 8gb 1gb Dorado;8.5
;Hasta 9 cuotas sin interés;;Celular Industrial Militar Robusto Blackview Bv6300 4g Lte;47.0
;;;Celular Ipro A6 Mini Liberado Botones Cam. Fm Uso Facil;4.0
;;Envío gratis;Celular Libre 2 Sim Teclas Grandes Sos Adultos Y No Videntes;5.4
;;;Celular Libre Dual Sim Sky P4 8gb 1gb Cámara Gris Oscuro;8.5
;;;Celular Nokia 106 , Radio, Linterna,idea Adulto Mayores;6.55
;;;Celular Zte Blade A5 Plus 32 Gb Negro 2 Gb Ram;15.73
;;;Celular Motorola Moto E6i Rosa 32/2 Ram Nortec Nuevo Gtia;19.3
;Disponible en 4 colores;;Apple iPhone 13 Pro Max (512 GB) - Grafito;494.0
33;;Envío gratis;CAT B26 Dual SIM 8 MB negro 8 MB RAM;14.95
;;;Celular Alcatel 1 16gb Libre Quad Core Android Go Garantia;11.0
;;;Celular Kodak Smartway L1 Pro Smartphone 1gb 16gb Android 10;12.0
;;;Quantum Yolo Negro 3g - 5  - 32 Gb - 1 Gb Ram Dual Sim;12.0
;;;Celular Smartphone Alcatel 1v Plus 32gb 2gb Ram Huella 6,22 ;22.93
;;; Celular Quantum Q20 Octacore 6,1 128gb 4ram Azul;28.0
;Hasta 9 cuotas sin interés;;Celular Teclas Camara 2 Sim Mp3 Radio Cuota Adulto Economico;4.8
;;;Celular Smartphone Tcl L7+ 32 Gb 2 Gb Ram Prime Black 5.5';15.29
5;Disponible en 4 colores;;Apple iPhone 13 Pro (1 TB) - Azul Sierra;485.0
;;Envío gratis; Moto G9 Play Dual SIM 64 GB verde evergreen 4 GB RAM;45.2
189;;Envío gratis;TCL L10+ 32 GB power gray 3 GB RAM;22.0
;;;Celular Ipro Benny 8gb Dual Sim Garantia Económico Liberado;12.4
;;Envío gratis;Celular Basico Ipro F183 S.o.s. Fm;5.84
;Hasta 3 cuotas sin interés;;LG K51s 64 Gb Titan 3 Gb Ram;27.0
172;Disponible en 2 colores;Envío gratis;Xiaomi Pocophone Poco X3 NFC Dual SIM 64 GB  cobalt blue 6 GB RAM;69.32
;;;Celular Libre Barato Dual Sim Sky M Cámara Fm Gtia;3.4
15;Hasta 9 cuotas sin interés;;Positivo Q20 Dual SIM 128 GB pearl white 4 GB RAM;28.0
6;;;Doogee S96 Pro Dual SIM 128 GB army green 8 GB RAM;150.0
;;;Celular C/ Tapa Roadstar Flip + R36  Dual Sim 32mb De 3.0   ;13.0
5;Disponible en 4 colores;;Apple iPhone 13 Pro (128 GB) - Oro;364.99
364;Disponible en 2 colores;;Quantum Five Dual SIM 16 GB gris 512 MB RAM;10.9
;Hasta 9 cuotas sin interés;;Celular Alcatel 1 Re-look 1 Gb 16 Gb 8mpx Negro Promo Cuotas;16.6
;;;Celular Motorola Moto E40 4gb Ram 64 Gb Gris Nuevo Gtia;27.5
363;;;Xiaomi Redmi Note 9 Pro (64 Mpx) Dual SIM 128 GB gris interestelar 6 GB RAM;70.0
;Hasta 9 cuotas sin interés;;Celular Teclas Camara 2 Sim Mp3 Radio Cuota Adulto Economico;4.8
;Hasta 9 cuotas sin interés;;Quantum Q20 128gb 4gb ;28.0
;Hasta 3 cuotas sin interés;;Motorola Edge 20 Pro Azul Midnight;110.0
;;;Kodak Smartway L1 Pro Gris Smarphone Libre Android 10 Go;11.7
;Hasta 9 cuotas sin interés;;Samsung Galaxy Note 20 Libre ;124.0
;Hasta 3 cuotas sin interés;;LG K22+ 64 Gb Titan 3 Gb Ram;23.0
;;;Celular Luo 6002 Java 3 Chip Antena Linterna Tipo Satelital;11.09
;;;Celular Libre Dual Sim Sky P4 Cámara 8gb 1gb Plateado;8.5
;;;Celular Motorola Moto E40 4/64 Gb Gris Al Click Nuevo Gtia;27.99
9;;;Kodak Smartway T2 Dual SIM 16 GB gris 2 GB RAM;16.0
;;;Blackview BV9900 Pro Dual SIM 128 GB gris 8 GB RAM;150.0
4;;Envío gratis;Ulefone Armor 7 2019 Dual SIM 128 GB negro 8 GB RAM;99.0
56;;;iPro W9 Dual SIM 512 MB negro 256 MB RAM;6.85
117;;;Kodak Smartway T3 Dual SIM 32 GB negro 2 GB RAM;15.89
;Disponible en 5 colores;Envío gratis;Apple iPhone 13 (128 GB) - Azul medianoche;264.4
;;;Celular Smartphone Alcatel 3h 3gb Ram 64gb 13mpx 5mpx Blue;20.49
;Hasta 9 cuotas sin interés;;Celular Tcl 10 Se Polar Night;30.0
;Hasta 9 cuotas sin interés;;Celular Smartphone Alcatel 1 Re-look 16gb 8mpx Negro Cuotas;13.8
;Hasta 9 cuotas sin interés;;LG K22+ 64 Gb Titan 3 Gb Ram Liberado LG Tienda Oficial;22.0
20;Disponible en 4 colores;;Apple iPhone 12 Pro (256 GB) - Grafito;344.99
54;;;Xiaomi Redmi Note 10 Dual SIM 128 GB gris ónix 6 GB RAM;80.54
;;;Celular Ipro Benny 8gb Dual Sim Garantia Económico Liberado;12.4
;;;Celular Liberado Ipro Barato Whatstapp Face 3g 8gb Quad Core;10.99
;;;Nokia 106 (2018) 4 Mb Gris Oscuro 4 Mb Ram Caja Sellada;6.74
;Hasta 9 cuotas sin interés;;Celular Libre Philco P2413dbou 3g Wifi Dual Sim Full;9.2
;;;Celular Libre Dual Sim Sky F2g Cámara Fm Azul Gtia ;4.0
;Hasta 9 cuotas sin interés;;Celular Motorola Moto E40 4gb Ram 64 Gb Gris Nuevo Gtia;33.0
;;;Celular Smartphone Alcatel 1 Re-look 1gb Ram 16gb 8mpx Negro;11.0
;Hasta 9 cuotas sin interés;;Celular Smartphone Alcatel 1 Re-look 1gb Ram 16gb Negro New;13.0
;;;Celular Economico Whatsapp Ipro S401 Fm + Auriculares ;11.95
207;Disponible en 4 colores;Envío gratis; iPhone 8 64 GB oro;120.0
;;;Celular Basico Con Teclado Alcatel 1050/52/54 Ideal Mayores;6.9
;Reacondicionado;;Samsung Galaxy S10 Bueno Negro Liberado;58.8
;Hasta 3 cuotas sin interés;;Celular Smartphone Alcatel 3h 3gb 64gb 13mpx 5mpx Blue X3c;22.0
2120;Disponible en 3 colores;;Xiaomi Redmi Note 8 Dual SIM 64 GB Neptune blue 4 GB RAM;52.96
;;;Celular Kodak Smartway L1 Pro Dual Sim 16/1gb Silver Nuevo ;11.0
;;;Celular Nokia 210 3g Con Teclado Camara Pantalla Web Nevegac;8.1
15;Hasta 9 cuotas sin interés;;Samsung Galaxy XCover Pro 64 GB negro 4 GB RAM;67.0
;;;Celular Alcatel 1l  2gb Y 32gb Negro 13mpx;17.5
;;;Tcl 20 E 64 Gb Elegant Black 3 Gb Ram Delta ;21.25
;;Envío gratis;Celular Liberado Uso Facil 2 Sim Teclas Fm Linterna Cargador;5.4
;;;Celular Motorola Moto E20 2/32 Gb Azul Al Click Nuevo Gtia;21.45
;;;Celular Libre Samsung Galaxy A22 128/4gb - Negro;41.0
;;;Philco P241 Telefono Celular Libre Dual Sim Wifi Bluetooth;8.0
;;;Nokia 106 2018 Celular Con Teclado Para Personas Adultas;7.5
;;Envío gratis;Celular Quantum Yolo 3g 1gb 32gb Rojo;12.0
79;;;Kodak Smartway L1 Dual SIM 16 GB negro 1 GB RAM;12.0
;;;Combo Kodak Celular L1 Pro 2 16gb Y Auriculares Pixpro Sm100;12.49
15;Hasta 9 cuotas sin interés;;Positivo Q20 Dual SIM 128 GB pearl white 4 GB RAM;28.0
6;;;Doogee S96 Pro Dual SIM 128 GB army green 8 GB RAM;150.0
;;;Celular Kodak L1 Pro 2gb Ram Gris Plata 16gb Liberado Smart;12.6
1579;Disponible en 3 colores;;Samsung Galaxy A52 128 GB awesome blue 6 GB RAM;55.0
329;Disponible en 3 colores;Envío gratis;Kodak Smartway L2 Dual SIM 16 GB negro 2 GB RAM;16.8
;Hasta 3 cuotas sin interés;;Celular Quantum Switch 32gb 1gb Android 10 Dual Sim;11.4
;Hasta 3 cuotas sin interés;;Quantum Up32 Dual Sim 32gb 1gb Negro;15.0
363;;;Xiaomi Redmi Note 9 Pro (64 Mpx) Dual SIM 128 GB gris interestelar 6 GB RAM;70.0
;Hasta 9 cuotas sin interés;;Celular Teclas Camara 2 Sim Mp3 Radio Cuota Adulto Economico;4.8
;Hasta 3 cuotas sin interés;;Celular Samsung Galaxy A12 64gb 4gb Libre Garantía Oficial;33.0
;;; Celular Quantum Q20 Octacore 6,1  128gb 4ram Blanco;28.0
;;;RCA G2 Dual SIM 32 GB negro 3 GB RAM;17.74
;;;Celular Smartphone Kodak Smartway F1 6.55  4gb Ram 64 Gb ;24.49
;Hasta 3 cuotas sin interés;;LG K22 32 Gb Blue 2 Gb Ram;20.0
;;;Blackview Bv6300 Todo Terreno Ip68 Liberado 4g Lte;39.6
;Hasta 9 cuotas sin interés;;Celular Samsung A12 Negro 128gb 4gb Ram Alclick 9 Cuotas S/i;45.0
;;;Celular Samsung Galaxy A22 Verde 4/128 Gb Techcel Nuevo Gtia;41.99
;Hasta 3 cuotas sin interés;;Celular Alcatel 1 4g 16 Gb Libre Nuevo Garantia Local Flex;12.5
;;;Celular Libre Alcatel 3h 64/3gb Azul Al Click Nuevo Garantía;20.2
;Disponible en 5 colores;;Apple iPhone 13 mini (256 GB) - (PRODUCT)RED;310.0
;Hasta 9 cuotas sin interés;;Nokia 106 2018 Celular Básico Con Teclado Gente Mayor Local;8.5
;;;Celular Motorola Moto E6i  32gb 2gb Ram Rosa Libre Garantia;19.1
;Hasta 3 cuotas sin interés;;Celular Libre Dual Sim Sky F2g Cámara Fm Verde Gtia Cuotas;4.0
;;;Celular Smartphone Quantum Yolo 32/1gb Dual Sim Nuevo Gtia;12.0
;;;Celular Quantum Switch Negro 1gb Ram 32gb Libre;11.9
;;;Celular Samsung Galaxy A32 Azul 128/4 Gb Nortec Nuevo Gtia;42.55
;;;Celular Libre Tcl 20e Negro 64gb 3gb Ram Android 11;26.4
;;;Celular Motorola Moto E20 32gb Azul 2gb Libre Cuotas;21.3
572;Disponible en 2 colores;; Moto G100 128 GB verde boreal 8 GB RAM;119.0
;;;Celular Ipro Benny 8gb Dual Sim Garantia Económico Liberado;12.4
;;;Celular Liberado Ipro Barato Whatstapp Face 3g 8gb Quad Core;10.99
;Disponible en 2 colores;;Realme 8 Pro Dual SIM 128 GB infinite black 8 GB RAM;103.99
;Hasta 9 cuotas sin interés;;Celular Ps Neopro 16g Memoria Sd 32gb ;12.99
;;;Telefono Celular Quantum Up32 Dual Sim 32 Gb Negro 1 Gb Ram;13.3
;;;Celular Ipro W9 Smart 2.4 Libre Whatsapp Facebook 3g Cuotas;6.85
31;Disponible en 6 colores;;Apple iPhone 12 (64 GB) - Azul;228.76
;Hasta 3 cuotas sin interés;;Celular LG K40s 32 Gb + 2gb Ram Negro;21.0
;;;Ulefone Armor 8 Pro Dual SIM 128 GB negro 6 GB RAM;79.9
;;;Celular Alcatel 1v Plus 32gb 2gb Pantalla 6.22 Libre Android;18.99
185;;Envío gratis;TCL T Pro 128 GB power gray 4 GB RAM;27.78
;;;Celular Ipro A20 Radio Fm Linterna Teclas Adulto Cuotas;5.7
;;;Celular Philco P241 Dual Sim 512 Mb Negro 256 Mb Ram;7.34
1182;;Envío gratis;LG K50S 32 GB new aurora black 3 GB RAM;27.76
371;;;Quantum Five Dual SIM 32 GB gris 512 MB RAM;9.26
100;Disponible en 3 colores;;Xiaomi Pocophone Poco X3 Pro Dual SIM 256 GB negro fantasma 8 GB RAM;87.01
45;Hasta 3 cuotas sin interés;Envío gratis;Noblex N405 Dual SIM 8 GB negro 2 GB RAM;15.0
32;;;Xiaomi Mi Note 10 Dual SIM 128 GB negro medianoche 6 GB RAM;81.5
;;;Celular Sky Elite B Gris Camara 5mp 16gb 1gb Ram Android;11.0
;Reacondicionado;;Samsung J7 Prime G610m 16gb Bueno Gold Libre 13mp/3ram;19.3
;Hasta 9 cuotas sin interés;;Celular Smartphone LG K22+ Hd+ 3gb 64gb 15 Mpx Titan Cuotas;26.45
223;;Envío gratis;TCL L10 Lite 32 GB power grey 2 GB RAM;18.0
;Hasta 9 cuotas sin interés;; Moto E7i Power 32 Gb Azul Telefono Celular Motorola;27.0
318;Disponible en 2 colores;Envío gratis;Xiaomi Mi 9T Dual SIM 64 GB azul glaciar 6 GB RAM;62.0
52;;;Alcatel 3X (2019) 64 GB jewelry black 4 GB RAM;33.0
3058;Disponible en 2 colores;Envío gratis;Samsung Galaxy A01 Core 16 GB negro 1 GB RAM;22.6
;Hasta 9 cuotas sin interés;;Celular Industrial Militar Union Sp7;47.0
